Actual,Far_left_1,Far_Left_2,Far_Right_1,Far_Right_2,Front_1,Front_2,Left_1,Left_2,Right_1,Right_2,Name

Fear,sad,fear,sad,sad,happy,happy,happy,angry,happy,neutral,S04_13yoM_Fear

Fear,sad,sad,sad,sad,neutral,fear,neutral,fear,surprise,fear,S103_12yoM_Fear

Fear,happy,sad,sad,sad,surprise,surprise,fear,surprise,surprise,happy,S104_12yoM_Fear

Fear,sad,sad,sad,fear,neutral,neutral,fear,happy,happy,fear,S107_14yoM_Fear

Fear,neutral,sad,happy,neutral,surprise,neutral,sad,sad,surprise,fear,S108_10yoM_Fear

Fear,sad,sad,neutral,neutral,fear,neutral,S,1,0,_,S10_9yoM_Fear

Fear,sad,sad,sad,sad,happy,happy,fear,fear,happy,happy,S11_10yoM_Fear

Fear,happy,sad,sad,neutral,sad,sad,angry,neutral,fear,sad,S27_9yoM_Fear

Fear,sad,fear,sad,sad,neutral,happy,neutral,happy,fear,neutral,S28_11yoM_Fear

Fear,sad,sad,fear,sad,neutral,neutral,neutral,neutral,fear,fear,S29_15yoM_Fear

Fear,sad,surprise,sad,sad,surprise,neutral,sad,fear,sad,neutral,S36_11yoM_Fear

Fear,sad,sad,fear,fear,neutral,fear,neutral,neutral,fear,neutral,S37_8yoM_Fear

Fear,sad,sad,neutral,fear,surprise,fear,happy,happy,fear,neutral,S38_10yoM_Fear

Fear,sad,neutral,sad,sad,surprise,sad,fear,angry,fear,fear,S40_12yoM_Fear

Fear,fear,happy,happy,happy,neutral,angry,neutral,fear,angry,sad,S41_8yoM_Fear

Fear,sad,sad,happy,happy,surprise,happy,surprise,surprise,fear,fear,S44_11yoM_Fear

Fear,fear,happy,happy,happy,surprise,happy,angry,happy,angry,surprise,S48_11yoM_Fear

Fear,fear,sad,neutral,sad,neutral,angry,happy,happy,neutral,fear,S49_8yoM_Fear

Fear,sad,sad,neutral,neutral,fear,happy,fear,happy,sad,neutral,S51_11yoM_Fear

Fear,sad,fear,neutral,fear,fear,fear,sad,happy,fear,happy,S53_8yoM_Fear

Fear,sad,angry,sad,sad,neutral,neutral,angry,fear,sad,fear,S56_8yoM_Fear

Fear,fear,sad,sad,sad,neutral,neutral,neutral,fear,S,5,S58_8yoM_Fear

Fear,fear,sad,happy,happy,neutral,neutral,angry,happy,happy,happy,S59_8yoM_Fear

Fear,fear,happy,happy,happy,neutral,neutral,fear,happy,fear,fear,S60_7yoM_Fear

Fear,sad,angry,neutral,neutral,surprise,angry,fear,angry,surprise,neutral,S63_10yoM_Fear

Fear,neutral,sad,sad,sad,neutral,neutral,neutral,happy,fear,angry,S66_8yoM_Fear

Fear,fear,fear,sad,sad,surprise,surprise,fear,angry,surprise,neutral,S68_9yoM_Fear

Fear,fear,fear,sad,sad,neutral,neutral,fear,sad,angry,angry,S70_8yoM_Fear

Fear,neutral,fear,happy,sad,angry,fear,happy,surprise,fear,angry,S72_10yoM_Fear

Fear,fear,fear,neutral,neutral,fear,happy,fear,happy,fear,fear,S73_8yoM_Fear

Fear,sad,sad,sad,neutral,fear,surprise,sad,fear,angry,surprise,S75_10yoM_Fear

Fear,sad,sad,neutral,sad,surprise,surprise,fear,surprise,surprise,surprise,S76_10yoM_Fear

Fear,sad,neutral,sad,neutral,neutral,neutral,neutral,fear,angry,fear,S79_7yoM (no pubs)_Fear

Fear,fear,fear,neutral,neutral,fear,neutral,happy,sad,sad,fear,S80_11yoM_Fear

Fear,sad,sad,sad,sad,surprise,fear,happy,sad,surprise,fear,S81_8yoM_Fear

Fear,sad,sad,sad,sad,fear,fear,angry,fear,neutral,surprise,S84_11yoM_Fear

Fear,sad,sad,sad,sad,neutral,neutral,fear,fear,angry,fear,S86_7yoM_Fear

Fear,sad,sad,sad,sad,fear,fear,fear,sad,surprise,fear,S87_9yoM_Fear

Fear,fear,fear,happy,sad,surprise,sad,happy,happy,fear,neutral,S89_9yoM_Fear

Fear,fear,fear,sad,sad,fear,sad,surprise,surprise,sad,sad,S92_8yoM_Fear

Angry,angry,happy,neutral,neutral,sad,sad,fear,angry,fear,sad,S04_13yoM_Angry

Angry,fear,sad,fear,sad,neutral,neutral,angry,angry,angry,sad,S103_12yoM_Angry

Angry,sad,sad,sad,neutral,angry,sad,angry,angry,fear,fear,S104_12yoM_Angry

Angry,sad,sad,sad,neutral,sad,neutral,fear,happy,sad,sad,S107_14yoM_Angry

Angry,sad,neutral,fear,sad,sad,sad,fear,sad,angry,happy,S108_10yoM_Angry

Angry,sad,fear,neutral,sad,neutral,neutral,sad,angry,fear,angry,S10_9yoM_Angry

Angry,happy,sad,happy,sad,sad,happy,happy,neutral,fear,sad,S11_10yoM_Angry

Angry,sad,angry,sad,sad,sad,neutral,angry,angry,angry,sad,S27_9yoM_Angry

Angry,sad,fear,sad,sad,angry,angry,sad,sad,fear,sad,S28_11yoM_Angry

Angry,sad,sad,sad,neutral,angry,neutral,sad,angry,angry,angry,S29_15yoM_Angry

Angry,fear,fear,sad,sad,angry,happy,angry,neutral,angry,angry,S36_11yoM_Angry

Angry,angry,sad,fear,sad,sad,sad,neutral,angry,fear,fear,S37_8yoM_Angry

Angry,happy,fear,sad,sad,angry,sad,angry,angry,angry,sad,S38_10yoM_Angry

Angry,sad,angry,sad,angry,angry,angry,neutral,angry,angry,angry,S40_12yoM_Angry

Angry,angry,fear,sad,happy,fear,neutral,angry,sad,fear,angry,S41_8yoM_Angry

Angry,neutral,sad,fear,happy,sad,sad,fear,sad,angry,sad,S44_11yoM_Angry

Angry,happy,happy,sad,fear,fear,sad,fear,fear,fear,S,S48_11yoM_Angry

Angry,happy,neutral,neutral,sad,fear,neutral,fear,sad,fear,angry,S49_8yoM_Angry

Angry,angry,neutral,sad,happy,neutral,happy,angry,fear,sad,sad,S51_11yoM_Angry

Angry,sad,fear,neutral,happy,fear,sad,neutral,disgust,sad,neutral,S53_8yoM_Angry

Angry,sad,sad,sad,sad,angry,angry,neutral,angry,sad,sad,S56_8yoM_Angry

Angry,fear,fear,sad,sad,neutral,angry,angry,angry,fear,sad,S58_8yoM_Angry

Angry,sad,fear,fear,happy,angry,sad,angry,sad,fear,fear,S59_8yoM_Angry

Angry,angry,sad,sad,sad,fear,fear,angry,happy,angry,angry,S60_7yoM_Angry

Angry,sad,sad,neutral,neutral,neutral,happy,neutral,angry,fear,sad,S63_10yoM_Angry

Angry,fear,fear,sad,sad,neutral,neutral,happy,happy,fear,neutral,S66_8yoM_Angry

Angry,sad,sad,sad,angry,neutral,neutral,neutral,neutral,happy,sad,S68_9yoM_Angry

Angry,sad,sad,sad,neutral,neutral,angry,angry,angry,angry,sad,S70_8yoM_Angry

Angry,fear,sad,sad,sad,neutral,neutral,sad,sad,happy,happy,S72_10yoM_Angry

Angry,fear,sad,neutral,angry,fear,neutral,angry,angry,fear,angry,S73_8yoM_Angry

Angry,fear,fear,happy,neutral,angry,angry,happy,happy,angry,happy,S75_10yoM_Angry

Angry,angry,sad,sad,angry,angry,fear,angry,happy,fear,neutral,S76_10yoM_Angry

Angry,happy,fear,sad,angry,fear,fear,neutral,neutral,fear,fear,S79_7yoM (no pubs)_Angry

Angry,sad,neutral,sad,sad,neutral,neutral,sad,neutral,sad,sad,S80_11yoM_Angry

Angry,sad,sad,angry,sad,neutral,angry,angry,angry,angry,angry,S81_8yoM_Angry

Angry,fear,fear,sad,neutral,happy,fear,fear,neutral,fear,neutral,S84_11yoM_Angry

Angry,sad,angry,sad,sad,angry,angry,angry,angry,angry,fear,S86_7yoM_Angry

Angry,sad,sad,sad,sad,angry,fear,fear,angry,fear,sad,S87_9yoM_Angry

Angry,sad,sad,angry,angry,sad,sad,fear,disgust,neutral,fear,S89_9yoM_Angry

Angry,fear,fear,sad,angry,happy,happy,angry,angry,surprise,happy,S92_8yoM_Angry

Disgust,happy,sad,happy,happy,happy,happy,surprise,neutral,happy,happy,S04_13yoM_Disgust

Disgust,sad,sad,neutral,fear,fear,fear,neutral,neutral,angry,neutral,S103_12yoM_Disgust

Disgust,neutral,happy,sad,sad,happy,disgust,neutral,neutral,fear,angry,S104_12yoM_Disgust

Disgust,sad,sad,fear,sad,sad,happy,fear,neutral,happy,fear,S107_14yoM_Disgust

Disgust,neutral,neutral,sad,neutral,angry,angry,angry,neutral,happy,angry,S108_10yoM_Disgust

Disgust,fear,angry,sad,fear,fear,disgust,angry,angry,fear,S,S10_9yoM_Disgust

Disgust,neutral,happy,happy,neutral,sad,fear,angry,happy,angry,fear,S11_10yoM_Disgust

Disgust,sad,fear,sad,neutral,angry,neutral,fear,angry,angry,sad,S27_9yoM_Disgust

Disgust,sad,sad,sad,sad,happy,angry,angry,angry,angry,fear,S28_11yoM_Disgust

Disgust,sad,angry,sad,sad,angry,fear,neutral,angry,angry,sad,S29_15yoM_Disgust

Disgust,sad,sad,sad,sad,angry,disgust,fear,neutral,angry,sad,S36_11yoM_Disgust

Disgust,sad,fear,sad,neutral,fear,surprise,fear,fear,happy,happy,S37_8yoM_Disgust

Disgust,sad,angry,neutral,sad,angry,angry,neutral,fear,sad,angry,S38_10yoM_Disgust

Disgust,neutral,angry,neutral,sad,angry,angry,angry,angry,fear,fear,S40_12yoM_Disgust

Disgust,sad,neutral,happy,happy,neutral,angry,neutral,neutral,fear,fear,S41_8yoM_Disgust

Disgust,happy,fear,happy,happy,neutral,angry,angry,angry,sad,angry,S44_11yoM_Disgust

Disgust,fear,fear,happy,sad,angry,angry,angry,angry,happy,fear,S48_11yoM_Disgust

Disgust,sad,sad,sad,sad,angry,happy,neutral,angry,angry,angry,S49_8yoM_Disgust

Disgust,sad,neutral,neutral,neutral,angry,fear,neutral,neutral,happy,sad,S51_11yoM_Disgust

Disgust,sad,fear,fear,neutral,angry,angry,neutral,sad,fear,fear,S53_8yoM_Disgust

Disgust,sad,sad,neutral,sad,neutral,fear,neutral,happy,neutral,neutral,S56_8yoM_Disgust

Disgust,angry,fear,sad,angry,angry,happy,fear,happy,neutral,angry,S58_8yoM_Disgust

Disgust,angry,angry,happy,happy,angry,fear,angry,angry,fear,fear,S59_8yoM_Disgust

Disgust,fear,fear,sad,sad,happy,fear,sad,happy,neutral,fear,S60_7yoM_Disgust

Disgust,sad,angry,sad,neutral,angry,fear,angry,angry,sad,neutral,S63_10yoM_Disgust

Disgust,surprise,neutral,happy,neutral,angry,angry,angry,sad,happy,sad,S66_8yoM_Disgust

Disgust,angry,sad,sad,sad,sad,sad,fear,sad,fear,neutral,S68_9yoM_Disgust

Disgust,sad,sad,happy,neutral,neutral,happy,neutral,neutral,neutral,fear,S70_8yoM_Disgust

Disgust,sad,sad,neutral,neutral,neutral,neutral,sad,neutral,happy,fear,S72_10yoM_Disgust

Disgust,sad,fear,neutral,fear,neutral,neutral,fear,happy,neutral,happy,S73_8yoM_Disgust

Disgust,fear,sad,sad,sad,angry,fear,neutral,happy,S,7,S75_10yoM_Disgust

Disgust,sad,sad,sad,neutral,fear,happy,fear,fear,neutral,happy,S76_10yoM_Disgust

Disgust,fear,neutral,neutral,neutral,neutral,happy,angry,fear,happy,happy,S79_7yoM (no pubs)_Disgust

Disgust,fear,fear,neutral,neutral,neutral,neutral,sad,neutral,fear,neutral,S80_11yoM_Disgust

Disgust,sad,neutral,sad,sad,angry,neutral,angry,sad,angry,sad,S81_8yoM_Disgust

Disgust,sad,sad,neutral,sad,neutral,neutral,sad,neutral,sad,fear,S84_11yoM_Disgust

Disgust,sad,sad,sad,happy,neutral,angry,neutral,happy,sad,sad,S86_7yoM_Disgust

Disgust,sad,sad,sad,sad,neutral,angry,angry,angry,fear,angry,S87_9yoM_Disgust

Disgust,sad,fear,neutral,sad,angry,sad,fear,angry,neutral,sad,S89_9yoM_Disgust

Disgust,sad,sad,angry,angry,happy,happy,fear,angry,disgust,angry,S92_8yoM_Disgust

Happy,happy,fear,sad,fear,sad,sad,sad,happy,happy,S,S04_13yoM_Happy

Happy,happy,fear,neutral,neutral,neutral,sad,happy,happy,happy,happy,S103_12yoM_Happy

Happy,happy,happy,neutral,happy,happy,happy,happy,neutral,happy,happy,S104_12yoM_Happy

Happy,happy,happy,angry,sad,happy,happy,happy,happy,happy,fear,S107_14yoM_Happy

Happy,happy,happy,happy,sad,happy,happy,happy,fear,happy,happy,S108_10yoM_Happy

Happy,sad,sad,sad,sad,happy,happy,happy,happy,happy,sad,S10_9yoM_Happy

Happy,angry,angry,happy,happy,happy,happy,fear,happy,angry,happy,S11_10yoM_Happy

Happy,sad,sad,sad,sad,happy,happy,happy,fear,neutral,happy,S27_9yoM_Happy

Happy,sad,happy,angry,happy,happy,neutral,happy,happy,neutral,happy,S28_11yoM_Happy

Happy,neutral,sad,happy,happy,happy,happy,happy,happy,angry,fear,S29_15yoM_Happy

Happy,neutral,sad,sad,sad,happy,happy,fear,sad,angry,neutral,S36_11yoM_Happy

Happy,neutral,fear,sad,sad,fear,neutral,happy,happy,angry,neutral,S37_8yoM_Happy

Happy,sad,neutral,happy,happy,happy,happy,happy,fear,angry,happy,S38_10yoM_Happy

Happy,sad,neutral,happy,neutral,fear,happy,happy,neutral,happy,happy,S40_12yoM_Happy

Happy,neutral,happy,happy,happy,fear,angry,fear,neutral,angry,happy,S41_8yoM_Happy

Happy,fear,happy,fear,fear,angry,happy,happy,happy,happy,happy,S44_11yoM_Happy

Happy,happy,happy,happy,happy,happy,happy,surprise,surprise,angry,happy,S48_11yoM_Happy

Happy,neutral,angry,neutral,sad,happy,happy,fear,happy,happy,happy,S49_8yoM_Happy

Happy,sad,neutral,angry,sad,happy,sad,neutral,happy,happy,angry,S51_11yoM_Happy

Happy,fear,sad,happy,neutral,fear,happy,happy,neutral,angry,angry,S53_8yoM_Happy

Happy,sad,fear,sad,sad,happy,happy,surprise,surprise,fear,happy,S56_8yoM_Happy

Happy,sad,angry,neutral,happy,angry,happy,neutral,happy,happy,happy,S58_8yoM_Happy

Happy,fear,fear,happy,neutral,happy,happy,neutral,neutral,happy,happy,S59_8yoM_Happy

Happy,fear,sad,happy,happy,fear,happy,happy,happy,happy,happy,S60_7yoM_Happy

Happy,fear,sad,happy,neutral,surprise,fear,happy,happy,happy,happy,S63_10yoM_Happy

Happy,sad,fear,happy,sad,happy,happy,surprise,fear,angry,angry,S66_8yoM_Happy

Happy,fear,sad,sad,neutral,surprise,happy,happy,happy,happy,happy,S68_9yoM_Happy

Happy,fear,sad,happy,neutral,fear,fear,neutral,happy,angry,fear,S70_8yoM_Happy

Happy,fear,fear,happy,sad,happy,happy,fear,happy,happy,fear,S72_10yoM_Happy

Happy,fear,sad,neutral,neutral,happy,happy,neutral,happy,happy,happy,S73_8yoM_Happy

Happy,sad,fear,sad,angry,happy,fear,angry,fear,surprise,happy,S75_10yoM_Happy

Happy,sad,neutral,happy,happy,happy,happy,happy,happy,happy,happy,S76_10yoM_Happy

Happy,sad,fear,fear,happy,neutral,happy,happy,happy,happy,S,S79_7yoM (no pubs)_Happy

Happy,sad,sad,sad,sad,happy,happy,happy,happy,angry,happy,S80_11yoM_Happy

Happy,sad,sad,sad,sad,happy,happy,fear,happy,happy,happy,S81_8yoM_Happy

Happy,sad,sad,neutral,happy,happy,happy,happy,happy,happy,happy,S84_11yoM_Happy

Happy,happy,sad,happy,happy,happy,happy,happy,neutral,fear,fear,S86_7yoM_Happy

Happy,happy,sad,sad,sad,happy,fear,happy,happy,surprise,happy,S87_9yoM_Happy

Happy,fear,fear,sad,sad,happy,happy,happy,happy,happy,happy,S89_9yoM_Happy

Happy,happy,fear,neutral,neutral,happy,happy,happy,neutral,happy,happy,S92_8yoM_Happy

Neutral,sad,sad,sad,neutral,neutral,neutral,fear,angry,neutral,S,S04_13yoM_Neutral

Neutral,fear,fear,sad,neutral,sad,neutral,fear,angry,angry,neutral,S103_12yoM_Neutral

Neutral,sad,sad,sad,sad,neutral,neutral,neutral,neutral,neutral,neutral,S104_12yoM_Neutral

Neutral,neutral,fear,sad,sad,neutral,neutral,happy,neutral,neutral,neutral,S107_14yoM_Neutral

Neutral,fear,neutral,neutral,neutral,sad,fear,fear,neutral,neutral,neutral,S108_10yoM_Neutral

Neutral,sad,sad,neutral,sad,sad,sad,neutral,angry,sad,sad,S10_9yoM_Neutral

Neutral,sad,fear,fear,fear,neutral,neutral,neutral,neutral,neutral,neutral,S11_10yoM_Neutral

Neutral,sad,fear,sad,neutral,neutral,neutral,neutral,neutral,neutral,sad,S27_9yoM_Neutral

Neutral,sad,sad,sad,happy,neutral,angry,neutral,fear,fear,S,S28_11yoM_Neutral

Neutral,sad,sad,sad,sad,sad,neutral,sad,happy,sad,neutral,S29_15yoM_Neutral

Neutral,angry,happy,sad,sad,sad,neutral,surprise,neutral,angry,neutral,S36_11yoM_Neutral

Neutral,fear,fear,sad,sad,neutral,happy,fear,fear,neutral,fear,S37_8yoM_Neutral

Neutral,sad,neutral,sad,sad,fear,neutral,fear,happy,neutral,neutral,S38_10yoM_Neutral

Neutral,sad,sad,happy,neutral,neutral,sad,happy,sad,neutral,fear,S40_12yoM_Neutral

Neutral,sad,sad,happy,happy,neutral,neutral,fear,angry,neutral,angry,S41_8yoM_Neutral

Neutral,angry,fear,sad,neutral,happy,fear,neutral,neutral,sad,fear,S44_11yoM_Neutral

Neutral,fear,surprise,neutral,happy,neutral,neutral,fear,happy,fear,neutral,S48_11yoM_Neutral

Neutral,happy,fear,happy,happy,neutral,neutral,neutral,happy,neutral,happy,S49_8yoM_Neutral

Neutral,sad,sad,neutral,happy,neutral,neutral,neutral,neutral,sad,sad,S51_11yoM_Neutral

Neutral,neutral,fear,happy,happy,neutral,angry,happy,happy,happy,neutral,S53_8yoM_Neutral

Neutral,fear,neutral,sad,sad,neutral,neutral,angry,happy,neutral,neutral,S56_8yoM_Neutral

Neutral,sad,sad,happy,sad,angry,neutral,angry,happy,happy,neutral,S58_8yoM_Neutral

Neutral,fear,fear,happy,sad,neutral,fear,fear,fear,neutral,neutral,S59_8yoM_Neutral

Neutral,fear,fear,sad,sad,neutral,fear,sad,fear,fear,sad,S60_7yoM_Neutral

Neutral,fear,neutral,angry,neutral,neutral,neutral,neutral,neutral,neutral,neutral,S63_10yoM_Neutral

Neutral,sad,sad,sad,happy,neutral,neutral,neutral,happy,neutral,neutral,S66_8yoM_Neutral

Neutral,fear,neutral,neutral,sad,fear,fear,angry,angry,sad,sad,S68_9yoM_Neutral

Neutral,sad,fear,neutral,neutral,neutral,fear,sad,sad,angry,angry,S70_8yoM_Neutral

Neutral,sad,sad,happy,happy,neutral,neutral,sad,sad,surprise,fear,S72_10yoM_Neutral

Neutral,sad,sad,happy,sad,neutral,fear,happy,happy,fear,fear,S73_8yoM_Neutral

Neutral,fear,fear,sad,fear,neutral,neutral,angry,happy,fear,neutral,S75_10yoM_Neutral

Neutral,fear,fear,sad,sad,neutral,neutral,neutral,fear,fear,neutral,S76_10yoM_Neutral

Neutral,fear,sad,neutral,neutral,neutral,fear,sad,fear,fear,S,S79_7yoM (no pubs)_Neutral

Neutral,fear,surprise,happy,sad,neutral,neutral,sad,neutral,neutral,sad,S80_11yoM_Neutral

Neutral,sad,neutral,neutral,happy,neutral,neutral,fear,sad,angry,neutral,S81_8yoM_Neutral

Neutral,sad,sad,neutral,neutral,neutral,neutral,surprise,happy,fear,neutral,S84_11yoM_Neutral

Neutral,sad,happy,neutral,neutral,neutral,angry,angry,S,8,6,S86_7yoM_Neutral

Neutral,neutral,fear,sad,happy,sad,neutral,neutral,neutral,neutral,sad,S87_9yoM_Neutral

Neutral,sad,neutral,sad,sad,neutral,fear,sad,sad,neutral,neutral,S89_9yoM_Neutral

Neutral,fear,sad,sad,sad,fear,fear,sad,angry,fear,S,S92_8yoM_Neutral

Happy,happy,fear,happy,sad,fear,neutral,happy,happy,happy,angry,S04_13yoM_Pleased

Happy,neutral,fear,sad,happy,neutral,happy,angry,angry,happy,happy,S103_12yoM_Pleased

Happy,neutral,happy,happy,sad,happy,happy,neutral,happy,happy,neutral,S104_12yoM_Pleased

Happy,neutral,neutral,fear,fear,neutral,neutral,happy,happy,happy,happy,S107_14yoM_Pleased

Happy,sad,neutral,happy,happy,happy,fear,neutral,neutral,neutral,angry,S108_10yoM_Pleased

Happy,happy,neutral,sad,fear,neutral,happy,happy,happy,neutral,happy,S10_9yoM_Pleased

Happy,sad,happy,happy,happy,happy,happy,happy,happy,happy,happy,S11_10yoM_Pleased

Happy,sad,sad,sad,sad,happy,happy,happy,happy,happy,neutral,S27_9yoM_Pleased

Happy,neutral,sad,fear,fear,happy,happy,happy,happy,fear,happy,S28_11yoM_Pleased

Happy,sad,sad,happy,happy,happy,happy,happy,happy,happy,happy,S29_15yoM_Pleased

Happy,angry,neutral,sad,sad,sad,neutral,angry,fear,angry,neutral,S36_11yoM_Pleased

Happy,fear,sad,sad,happy,happy,happy,angry,neutral,happy,S,S37_8yoM_Pleased

Happy,neutral,surprise,happy,happy,neutral,happy,happy,fear,happy,happy,S38_10yoM_Pleased

Happy,sad,sad,sad,sad,neutral,fear,neutral,fear,sad,happy,S40_12yoM_Pleased

Happy,sad,fear,happy,happy,neutral,neutral,happy,happy,happy,happy,S41_8yoM_Pleased

Happy,fear,sad,happy,happy,happy,happy,happy,sad,happy,happy,S44_11yoM_Pleased

Happy,sad,fear,happy,happy,neutral,happy,happy,sad,fear,happy,S48_11yoM_Pleased

Happy,neutral,neutral,sad,sad,happy,happy,happy,happy,happy,happy,S49_8yoM_Pleased

Happy,sad,sad,sad,sad,happy,happy,neutral,fear,happy,happy,S51_11yoM_Pleased

Happy,sad,sad,happy,happy,fear,happy,fear,neutral,angry,neutral,S53_8yoM_Pleased

Happy,sad,sad,sad,sad,fear,happy,neutral,neutral,happy,happy,S56_8yoM_Pleased

Happy,fear,neutral,happy,sad,surprise,happy,happy,surprise,neutral,happy,S58_8yoM_Pleased

Happy,fear,fear,sad,happy,happy,happy,happy,neutral,angry,neutral,S59_8yoM_Pleased

Happy,sad,neutral,happy,neutral,happy,happy,neutral,neutral,fear,fear,S60_7yoM_Pleased

Happy,fear,sad,happy,neutral,surprise,surprise,sad,neutral,neutral,neutral,S63_10yoM_Pleased

Happy,sad,neutral,sad,sad,happy,happy,happy,neutral,happy,neutral,S66_8yoM_Pleased

Happy,sad,sad,fear,fear,happy,happy,happy,happy,happy,happy,S68_9yoM_Pleased

Happy,sad,sad,happy,neutral,happy,happy,neutral,neutral,angry,happy,S70_8yoM_Pleased

Happy,fear,fear,neutral,sad,happy,happy,sad,neutral,angry,happy,S72_10yoM_Pleased

Happy,fear,sad,happy,sad,happy,happy,neutral,happy,fear,happy,S73_8yoM_Pleased

Happy,sad,fear,sad,sad,happy,happy,sad,fear,happy,happy,S75_10yoM_Pleased

Happy,sad,sad,sad,sad,happy,happy,happy,happy,happy,happy,S76_10yoM_Pleased

Happy,neutral,sad,neutral,neutral,happy,happy,angry,neutral,happy,happy,S79_7yoM (no pubs)_Pleased

Happy,neutral,neutral,sad,fear,happy,neutral,neutral,sad,angry,happy,S80_11yoM_Pleased

Happy,sad,fear,happy,neutral,happy,neutral,neutral,sad,angry,fear,S81_8yoM_Pleased

Happy,sad,sad,neutral,happy,happy,happy,sad,happy,happy,happy,S84_11yoM_Pleased

Happy,sad,sad,sad,fear,happy,happy,happy,neutral,happy,happy,S86_7yoM_Pleased

Happy,fear,fear,sad,fear,happy,fear,neutral,happy,sad,happy,S87_9yoM_Pleased

Happy,fear,sad,fear,sad,happy,neutral,happy,happy,happy,happy,S89_9yoM_Pleased

Happy,sad,fear,neutral,happy,surprise,happy,neutral,happy,angry,angry,S92_8yoM_Pleased

Sad,sad,sad,sad,sad,neutral,happy,happy,S,0,4,S04_13yoM_Sad

Sad,fear,sad,sad,sad,fear,sad,neutral,happy,happy,fear,S103_12yoM_Sad

Sad,neutral,sad,sad,angry,neutral,surprise,fear,sad,neutral,S,S104_12yoM_Sad

Sad,sad,happy,happy,sad,neutral,neutral,angry,angry,neutral,neutral,S107_14yoM_Sad

Sad,sad,sad,neutral,neutral,sad,sad,fear,fear,fear,angry,S108_10yoM_Sad

Sad,neutral,sad,sad,sad,angry,neutral,sad,neutral,neutral,fear,S10_9yoM_Sad

Sad,angry,sad,sad,sad,sad,sad,neutral,neutral,neutral,happy,S11_10yoM_Sad

Sad,sad,fear,neutral,neutral,sad,sad,fear,happy,sad,fear,S27_9yoM_Sad

Sad,sad,fear,angry,sad,sad,fear,sad,happy,fear,happy,S28_11yoM_Sad

Sad,neutral,sad,happy,angry,sad,neutral,neutral,fear,sad,S,S29_15yoM_Sad

Sad,sad,fear,sad,sad,sad,sad,sad,happy,fear,sad,S36_11yoM_Sad

Sad,happy,happy,fear,fear,neutral,sad,fear,fear,neutral,sad,S37_8yoM_Sad

Sad,sad,fear,neutral,fear,neutral,sad,sad,fear,fear,fear,S38_10yoM_Sad

Sad,sad,sad,neutral,sad,fear,fear,fear,fear,sad,surprise,S40_12yoM_Sad

Sad,sad,sad,happy,happy,neutral,fear,neutral,neutral,surprise,fear,S41_8yoM_Sad

Sad,happy,happy,happy,happy,neutral,angry,fear,fear,fear,fear,S44_11yoM_Sad

Sad,fear,fear,happy,happy,sad,fear,fear,fear,sad,fear,S48_11yoM_Sad

Sad,fear,fear,sad,sad,fear,happy,neutral,neutral,fear,neutral,S49_8yoM_Sad

Sad,sad,sad,neutral,sad,fear,fear,fear,sad,fear,sad,S51_11yoM_Sad

Sad,sad,sad,happy,happy,sad,sad,happy,happy,neutral,fear,S53_8yoM_Sad

Sad,sad,sad,sad,sad,sad,fear,sad,neutral,sad,neutral,S56_8yoM_Sad

Sad,fear,fear,sad,fear,happy,fear,angry,happy,fear,fear,S58_8yoM_Sad

Sad,fear,fear,sad,happy,fear,sad,fear,sad,fear,fear,S59_8yoM_Sad

Sad,fear,fear,neutral,neutral,fear,neutral,neutral,surprise,sad,sad,S60_7yoM_Sad

Sad,sad,happy,sad,neutral,sad,neutral,fear,angry,fear,happy,S63_10yoM_Sad

Sad,sad,neutral,happy,happy,happy,angry,neutral,neutral,angry,angry,S66_8yoM_Sad

Sad,fear,neutral,sad,sad,fear,neutral,neutral,fear,fear,fear,S68_9yoM_Sad

Sad,sad,sad,sad,neutral,fear,sad,sad,angry,fear,fear,S70_8yoM_Sad

Sad,fear,fear,sad,neutral,surprise,sad,fear,sad,fear,sad,S72_10yoM_Sad

Sad,sad,sad,neutral,neutral,happy,happy,angry,angry,fear,fear,S73_8yoM_Sad

Sad,fear,sad,angry,angry,fear,neutral,happy,happy,fear,sad,S75_10yoM_Sad

Sad,sad,sad,sad,angry,angry,sad,sad,sad,fear,angry,S76_10yoM_Sad

Sad,sad,sad,sad,sad,sad,neutral,fear,fear,fear,fear,S79_7yoM (no pubs)_Sad

Sad,fear,fear,fear,sad,sad,neutral,surprise,neutral,sad,fear,S80_11yoM_Sad

Sad,sad,fear,sad,sad,fear,sad,sad,fear,sad,fear,S81_8yoM_Sad

Sad,sad,sad,sad,sad,neutral,sad,angry,neutral,sad,happy,S84_11yoM_Sad

Sad,sad,sad,neutral,sad,fear,fear,fear,fear,fear,angry,S86_7yoM_Sad

Sad,neutral,sad,sad,sad,sad,sad,surprise,happy,fear,sad,S87_9yoM_Sad

Sad,fear,fear,neutral,neutral,sad,sad,happy,happy,fear,surprise,S89_9yoM_Sad

Sad,fear,fear,sad,fear,surprise,fear,happy,fear,sad,S,S92_8yoM_Sad

Surprise,surprise,fear,sad,surprise,happy,angry,S,0,4,_,S04_13yoM_Surprise

Surprise,sad,sad,sad,neutral,surprise,happy,surprise,angry,happy,surprise,S103_12yoM_Surprise

Surprise,neutral,surprise,happy,neutral,surprise,surprise,fear,fear,surprise,surprise,S104_12yoM_Surprise

Surprise,sad,sad,sad,happy,surprise,surprise,fear,sad,surprise,surprise,S107_14yoM_Surprise

Surprise,surprise,happy,sad,sad,surprise,fear,happy,angry,neutral,neutral,S108_10yoM_Surprise

Surprise,sad,sad,sad,surprise,fear,surprise,surprise,surprise,surprise,S,S10_9yoM_Surprise

Surprise,happy,fear,sad,neutral,surprise,neutral,angry,happy,surprise,happy,S11_10yoM_Surprise

Surprise,sad,happy,sad,sad,surprise,surprise,surprise,happy,neutral,neutral,S27_9yoM_Surprise

Surprise,sad,sad,neutral,fear,surprise,neutral,happy,happy,surprise,angry,S28_11yoM_Surprise

Surprise,sad,sad,happy,neutral,surprise,surprise,fear,fear,surprise,surprise,S29_15yoM_Surprise

Surprise,neutral,neutral,sad,sad,happy,surprise,fear,surprise,neutral,surprise,S36_11yoM_Surprise

Surprise,sad,fear,happy,neutral,surprise,neutral,surprise,angry,neutral,sad,S37_8yoM_Surprise

Surprise,sad,sad,neutral,sad,surprise,surprise,happy,fear,surprise,fear,S38_10yoM_Surprise

Surprise,fear,fear,sad,sad,surprise,surprise,neutral,fear,fear,fear,S40_12yoM_Surprise

Surprise,sad,sad,happy,happy,surprise,surprise,angry,angry,neutral,neutral,S41_8yoM_Surprise

Surprise,sad,sad,sad,surprise,surprise,happy,surprise,surprise,neutral,S,S44_11yoM_Surprise

Surprise,fear,sad,happy,neutral,surprise,neutral,angry,neutral,neutral,surprise,S48_11yoM_Surprise

Surprise,fear,sad,sad,angry,surprise,surprise,fear,sad,happy,angry,S49_8yoM_Surprise

Surprise,sad,sad,sad,sad,surprise,surprise,happy,surprise,surprise,surprise,S51_11yoM_Surprise

Surprise,fear,fear,neutral,happy,neutral,surprise,fear,neutral,surprise,neutral,S53_8yoM_Surprise

Surprise,sad,sad,sad,sad,surprise,surprise,fear,sad,fear,fear,S56_8yoM_Surprise

Surprise,sad,sad,sad,happy,fear,angry,neutral,neutral,sad,angry,S58_8yoM_Surprise

Surprise,fear,fear,happy,happy,surprise,fear,happy,happy,fear,fear,S59_8yoM_Surprise

Surprise,sad,sad,happy,sad,fear,fear,surprise,fear,happy,happy,S60_7yoM_Surprise

Surprise,fear,fear,neutral,happy,surprise,neutral,fear,fear,angry,neutral,S63_10yoM_Surprise

Surprise,fear,fear,sad,sad,surprise,surprise,angry,sad,surprise,surprise,S66_8yoM_Surprise

Surprise,fear,fear,neutral,sad,surprise,surprise,fear,fear,neutral,S,S68_9yoM_Surprise

Surprise,fear,neutral,neutral,neutral,surprise,neutral,fear,fear,fear,angry,S70_8yoM_Surprise

Surprise,fear,fear,sad,happy,surprise,surprise,neutral,neutral,happy,happy,S72_10yoM_Surprise

Surprise,fear,fear,neutral,neutral,surprise,happy,sad,happy,surprise,surprise,S73_8yoM_Surprise

Surprise,sad,angry,neutral,neutral,fear,fear,sad,fear,sad,surprise,S75_10yoM_Surprise

Surprise,sad,sad,happy,sad,surprise,surprise,surprise,happy,surprise,surprise,S76_10yoM_Surprise

Surprise,sad,fear,happy,neutral,surprise,happy,surprise,neutral,surprise,happy,S79_7yoM (no pubs)_Surprise

Surprise,fear,sad,fear,fear,fear,surprise,sad,fear,fear,happy,S80_11yoM_Surprise

Surprise,sad,sad,neutral,neutral,surprise,surprise,fear,sad,surprise,neutral,S81_8yoM_Surprise

Surprise,sad,sad,sad,sad,surprise,surprise,sad,sad,neutral,neutral,S84_11yoM_Surprise

Surprise,fear,sad,sad,sad,surprise,happy,fear,fear,sad,surprise,S86_7yoM_Surprise

Surprise,sad,sad,sad,sad,surprise,fear,fear,sad,surprise,surprise,S87_9yoM_Surprise

Surprise,fear,fear,sad,sad,fear,neutral,surprise,happy,fear,fear,S89_9yoM_Surprise

Surprise,fear,fear,happy,sad,fear,surprise,fear,fear,surprise,surprise,S92_8yoM_Surprise

Fear,neutral,angry,neutral,neutral,fear,happy,surprise,neutral,happy,happy,S102_9yoF_Fear

Fear,sad,sad,happy,happy,happy,happy,fear,fear,happy,happy,S105_9yoF_Fear

Fear,sad,fear,angry,neutral,fear,sad,sad,neutral,neutral,fear,S109_14yoF_Fear

Fear,sad,neutral,fear,fear,sad,happy,fear,neutral,surprise,neutral,S110_13yoF_Fear

Fear,happy,sad,neutral,happy,happy,happy,neutral,neutral,happy,neutral,S111_13yoF_Fear

Fear,sad,fear,fear,happy,neutral,surprise,happy,happy,fear,surprise,S112_9yoF_Fear

Fear,sad,sad,neutral,sad,neutral,neutral,neutral,fear,neutral,neutral,S113_15oyF_Fear

Fear,sad,neutral,neutral,happy,neutral,happy,neutral,neutral,surprise,fear,S114_9yoF_Fear

Fear,sad,sad,sad,sad,surprise,surprise,fear,fear,surprise,fear,S115_12yoF_Fear

Fear,sad,sad,neutral,neutral,neutral,happy,fear,neutral,sad,surprise,S117_9yoF_Fear

Fear,happy,neutral,sad,neutral,happy,neutral,neutral,surprise,surprise,happy,S119_14yoF_Fear

Fear,sad,fear,sad,sad,fear,angry,sad,neutral,neutral,fear,S120_9yoF_Fear

Fear,sad,sad,neutral,happy,happy,happy,fear,neutral,surprise,surprise,S121_7yoF_Fear

Fear,neutral,sad,sad,happy,angry,happy,angry,surprise,fear,surprise,S122_16yoF_Fear

Fear,fear,fear,neutral,neutral,fear,happy,fear,happy,happy,fear,S123_16yoF_Fear

Fear,sad,angry,sad,fear,neutral,happy,neutral,neutral,angry,happy,S13_11yoF_Fear

Fear,sad,sad,sad,happy,fear,surprise,happy,neutral,angry,surprise,S16_11yoF_Fear

Fear,sad,sad,neutral,happy,fear,neutral,surprise,surprise,fear,neutral,S22_9yoF_Fear

Fear,neutral,neutral,sad,sad,neutral,neutral,fear,happy,angry,neutral,S25_13yoF_Fear

Fear,fear,fear,sad,sad,happy,happy,happy,happy,happy,happy,S26_7yoF_Fear

Fear,happy,sad,happy,sad,happy,happy,happy,happy,happy,happy,S32_6yoF_Fear

Fear,fear,sad,happy,fear,fear,happy,fear,sad,fear,happy,S33_6yoF_Fear

Fear,happy,fear,sad,sad,sad,fear,neutral,happy,happy,neutral,S45_7yoF_Fear

Fear,fear,fear,angry,sad,angry,neutral,angry,sad,angry,angry,S52_9yoF_Fear

Fear,sad,sad,happy,sad,surprise,surprise,angry,angry,S55_10yoF_Fear

Fear,sad,sad,happy,happy,fear,neutral,neutral,surprise,angry,sad,S57_9yoF_Fear

Fear,sad,sad,happy,fear,neutral,fear,fear,angry,neutral,neutral,S61_8yoF_Fear

Fear,neutral,neutral,happy,happy,fear,neutral,neutral,angry,angry,happy,S62_10yoF_Fear

Fear,neutral,neutral,sad,sad,fear,angry,fear,fear,angry,fear,S64_10yoF_Fear

Fear,surprise,neutral,happy,sad,neutral,surprise,fear,fear,angry,fear,S65_8yoF_Fear

Fear,neutral,fear,sad,happy,happy,happy,surprise,happy,neutral,fear,S69_7yoF_Fear

Fear,sad,happy,fear,neutral,fear,fear,fear,happy,neutral,surprise,S71_9yoF_Fear

Fear,fear,fear,neutral,neutral,angry,neutral,surprise,happy,angry,angry,S74_8yoF_Fear

Fear,happy,neutral,happy,happy,neutral,neutral,sad,fear,happy,fear,S77_10yoF_Fear

Fear,fear,neutral,neutral,fear,sad,neutral,sad,neutral,angry,happy,S78_9yoF (no pubs or pres)_Fear

Fear,sad,fear,angry,angry,neutral,neutral,neutral,neutral,happy,happy,S88_12yoF_Fear

Fear,fear,fear,neutral,happy,neutral,fear,neutral,neutral,surprise,fear,S94_7yoF_Fear

Fear,sad,neutral,happy,neutral,neutral,neutral,fear,fear,angry,angry,S96_12yoF_Fear

Fear,sad,sad,angry,sad,happy,happy,fear,happy,sad,happy,S98_9yoF_Fear

Fear,sad,sad,angry,angry,angry,fear,surprise,surprise,surprise,angry,S99_7yoF_Fear

Angry,sad,sad,sad,neutral,sad,neutral,neutral,sad,sad,fear,S102_9yoF_Angry

Angry,fear,sad,sad,neutral,neutral,angry,angry,angry,happy,angry,S105_9yoF_Angry

Angry,sad,sad,sad,sad,sad,sad,neutral,angry,angry,sad,S109_14yoF_Angry

Angry,sad,sad,sad,neutral,sad,neutral,angry,neutral,sad,fear,S110_13yoF_Angry

Angry,sad,sad,sad,neutral,angry,neutral,neutral,angry,S111_13yoF_Angry

Angry,sad,angry,sad,neutral,neutral,angry,angry,angry,angry,angry,S112_9yoF_Angry

Angry,sad,sad,angry,sad,fear,neutral,neutral,neutral,neutral,sad,S113_15oyF_Angry

Angry,sad,sad,neutral,sad,neutral,angry,angry,angry,neutral,angry,S114_9yoF_Angry

Angry,sad,sad,sad,sad,neutral,angry,angry,angry,fear,fear,S115_12yoF_Angry

Angry,sad,sad,angry,neutral,neutral,sad,neutral,angry,sad,S117_9yoF_Angry

Angry,sad,sad,neutral,sad,sad,sad,angry,angry,fear,sad,S119_14yoF_Angry

Angry,neutral,neutral,sad,sad,angry,angry,angry,angry,angry,angry,S120_9yoF_Angry

Angry,sad,sad,neutral,sad,happy,happy,angry,neutral,happy,happy,S121_7yoF_Angry

Angry,happy,happy,fear,sad,angry,neutral,angry,angry,sad,happy,S122_16yoF_Angry

Angry,sad,sad,happy,sad,neutral,neutral,happy,happy,happy,neutral,S123_16yoF_Angry

Angry,sad,sad,angry,sad,sad,sad,sad,sad,neutral,angry,S13_11yoF_Angry

Angry,sad,sad,fear,happy,fear,surprise,neutral,neutral,surprise,neutral,S16_11yoF_Angry

Angry,sad,neutral,happy,fear,neutral,neutral,fear,neutral,sad,sad,S22_9yoF_Angry

Angry,sad,angry,sad,sad,neutral,neutral,angry,angry,fear,neutral,S25_13yoF_Angry

Angry,neutral,fear,sad,angry,angry,angry,sad,sad,angry,fear,S26_7yoF_Angry

Angry,sad,fear,happy,sad,angry,angry,angry,neutral,fear,angry,S32_6yoF_Angry

Angry,fear,fear,happy,angry,neutral,angry,happy,S33_6yoF_Angry

Angry,happy,sad,happy,sad,fear,neutral,happy,neutral,sad,fear,S45_7yoF_Angry

Angry,angry,angry,angry,fear,neutral,angry,fear,fear,angry,fear,S52_9yoF_Angry

Angry,sad,neutral,happy,happy,angry,neutral,angry,neutral,fear,fear,S55_10yoF_Angry

Angry,sad,sad,neutral,neutral,angry,neutral,angry,neutral,angry,fear,S57_9yoF_Angry

Angry,neutral,neutral,fear,sad,sad,sad,angry,angry,sad,fear,S61_8yoF_Angry

Angry,sad,sad,sad,sad,sad,neutral,neutral,sad,neutral,angry,S62_10yoF_Angry

Angry,sad,sad,sad,neutral,angry,angry,angry,angry,fear,angry,S64_10yoF_Angry

Angry,fear,angry,happy,happy,angry,happy,neutral,neutral,sad,happy,S65_8yoF_Angry

Angry,fear,fear,happy,sad,neutral,neutral,neutral,happy,neutral,happy,S69_7yoF_Angry

Angry,neutral,neutral,happy,happy,neutral,sad,neutral,neutral,sad,sad,S71_9yoF_Angry

Angry,sad,fear,happy,happy,neutral,neutral,sad,neutral,sad,sad,S74_8yoF_Angry

Angry,angry,fear,sad,happy,happy,happy,angry,angry,angry,fear,S77_10yoF_Angry

Angry,sad,fear,sad,angry,angry,angry,angry,angry,angry,happy,S78_9yoF (no pubs or pres)_Angry

Angry,fear,sad,happy,happy,sad,happy,angry,fear,fear,fear,S88_12yoF_Angry

Angry,sad,happy,happy,neutral,angry,sad,neutral,sad,sad,S94_7yoF_Angry

Angry,sad,sad,sad,neutral,angry,angry,angry,angry,fear,happy,S96_12yoF_Angry

Angry,sad,sad,angry,happy,neutral,neutral,happy,neutral,neutral,happy,S98_9yoF_Angry

Angry,fear,happy,happy,neutral,happy,happy,neutral,neutral,fear,happy,S99_7yoF_Angry

Disgust,neutral,neutral,neutral,neutral,fear,happy,angry,angry,happy,happy,S102_9yoF_Disgust

Disgust,sad,fear,happy,sad,angry,neutral,neutral,neutral,happy,happy,S105_9yoF_Disgust

Disgust,neutral,neutral,sad,sad,sad,angry,neutral,angry,angry,sad,S109_14yoF_Disgust

Disgust,neutral,sad,sad,happy,happy,surprise,angry,neutral,sad,sad,S110_13yoF_Disgust

Disgust,sad,sad,sad,fear,fear,neutral,happy,S111_13yoF_Disgust

Disgust,sad,sad,sad,sad,surprise,neutral,angry,fear,angry,sad,S112_9yoF_Disgust

Disgust,sad,neutral,sad,sad,angry,disgust,neutral,fear,angry,fear,S113_15oyF_Disgust

Disgust,sad,neutral,sad,neutral,sad,disgust,angry,angry,sad,sad,S114_9yoF_Disgust

Disgust,sad,sad,sad,fear,sad,angry,angry,angry,angry,fear,S115_12yoF_Disgust

Disgust,sad,sad,neutral,neutral,sad,fear,sad,angry,fear,fear,S117_9yoF_Disgust

Disgust,angry,sad,neutral,fear,angry,angry,angry,angry,fear,angry,S119_14yoF_Disgust

Disgust,sad,happy,sad,sad,sad,happy,angry,sad,neutral,happy,S120_9yoF_Disgust

Disgust,sad,sad,fear,happy,happy,angry,angry,angry,fear,happy,S121_7yoF_Disgust

Disgust,neutral,fear,neutral,happy,angry,neutral,happy,neutral,neutral,happy,S122_16yoF_Disgust

Disgust,happy,neutral,sad,sad,disgust,disgust,angry,angry,sad,happy,S123_16yoF_Disgust

Disgust,sad,sad,sad,sad,sad,happy,sad,neutral,neutral,sad,S13_11yoF_Disgust

Disgust,sad,sad,sad,sad,happy,happy,fear,surprise,fear,happy,S16_11yoF_Disgust

Disgust,sad,sad,happy,neutral,happy,neutral,neutral,angry,fear,happy,S22_9yoF_Disgust

Disgust,neutral,fear,neutral,sad,angry,fear,sad,angry,sad,sad,S25_13yoF_Disgust

Disgust,fear,fear,sad,sad,angry,angry,angry,sad,angry,angry,S26_7yoF_Disgust

Disgust,sad,angry,sad,happy,fear,happy,angry,angry,fear,happy,S32_6yoF_Disgust

Disgust,neutral,fear,neutral,angry,neutral,angry,neutral,angry,happy,S33_6yoF_Disgust

Disgust,neutral,fear,sad,happy,happy,neutral,angry,neutral,sad,sad,S45_7yoF_Disgust

Disgust,angry,neutral,angry,sad,angry,sad,fear,angry,angry,angry,S52_9yoF_Disgust

Disgust,fear,fear,happy,neutral,angry,happy,angry,fear,sad,fear,S55_10yoF_Disgust

Disgust,angry,fear,angry,neutral,angry,neutral,angry,sad,fear,happy,S57_9yoF_Disgust

Disgust,fear,neutral,sad,happy,fear,sad,fear,angry,fear,sad,S61_8yoF_Disgust

Disgust,neutral,sad,fear,neutral,angry,angry,fear,angry,fear,happy,S62_10yoF_Disgust

Disgust,angry,neutral,happy,neutral,angry,angry,angry,angry,angry,angry,S64_10yoF_Disgust

Disgust,neutral,sad,sad,sad,neutral,happy,angry,angry,fear,happy,S65_8yoF_Disgust

Disgust,fear,angry,neutral,sad,happy,happy,angry,surprise,fear,happy,S69_7yoF_Disgust

Disgust,fear,sad,sad,fear,neutral,angry,neutral,fear,sad,angry,S71_9yoF_Disgust

Disgust,fear,fear,neutral,happy,happy,neutral,fear,surprise,neutral,neutral,S74_8yoF_Disgust

Disgust,sad,angry,neutral,sad,angry,happy,happy,angry,sad,fear,S77_10yoF_Disgust

Disgust,happy,neutral,happy,happy,disgust,disgust,angry,surprise,fear,fear,S78_9yoF (no pubs or pres)_Disgust

Disgust,angry,fear,sad,happy,neutral,neutral,angry,angry,fear,happy,S88_12yoF_Disgust

Disgust,fear,angry,sad,sad,angry,happy,angry,angry,happy,angry,S94_7yoF_Disgust

Disgust,angry,angry,sad,neutral,disgust,angry,angry,angry,fear,sad,S96_12yoF_Disgust

Disgust,neutral,neutral,sad,fear,happy,happy,neutral,neutral,happy,happy,S98_9yoF_Disgust

Disgust,sad,sad,happy,happy,happy,happy,fear,happy,fear,happy,S99_7yoF_Disgust

Happy,neutral,neutral,happy,surprise,happy,fear,happy,happy,happy,happy,S102_9yoF_Happy

Happy,happy,happy,happy,surprise,happy,happy,happy,happy,sad,happy,S105_9yoF_Happy

Happy,happy,neutral,happy,fear,happy,happy,happy,happy,happy,happy,S109_14yoF_Happy

Happy,sad,sad,sad,sad,disgust,fear,fear,happy,happy,happy,S110_13yoF_Happy

Happy,neutral,sad,sad,sad,happy,happy,angry,happy,happy,happy,S111_13yoF_Happy

Happy,happy,neutral,surprise,sad,happy,happy,happy,happy,happy,happy,S112_9yoF_Happy

Happy,neutral,fear,neutral,neutral,happy,happy,happy,angry,happy,happy,S113_15oyF_Happy

Happy,sad,happy,neutral,sad,fear,happy,happy,happy,happy,happy,S114_9yoF_Happy

Happy,sad,sad,neutral,happy,happy,happy,happy,happy,happy,happy,S115_12yoF_Happy

Happy,sad,fear,angry,happy,happy,happy,neutral,neutral,happy,happy,S117_9yoF_Happy

Happy,sad,sad,sad,neutral,happy,happy,happy,neutral,happy,happy,S119_14yoF_Happy

Happy,fear,happy,happy,happy,happy,happy,happy,happy,happy,happy,S120_9yoF_Happy

Happy,sad,fear,sad,sad,happy,happy,happy,angry,fear,happy,S121_7yoF_Happy

Happy,happy,happy,sad,neutral,happy,happy,happy,happy,happy,happy,S122_16yoF_Happy

Happy,happy,happy,neutral,happy,happy,happy,neutral,happy,happy,happy,S123_16yoF_Happy

Happy,sad,sad,sad,happy,happy,neutral,happy,happy,happy,happy,S13_11yoF_Happy

Happy,sad,fear,fear,happy,happy,happy,neutral,fear,neutral,angry,S16_11yoF_Happy

Happy,sad,fear,angry,neutral,happy,happy,happy,neutral,happy,happy,S22_9yoF_Happy

Happy,neutral,neutral,neutral,neutral,fear,happy,happy,angry,happy,happy,S25_13yoF_Happy

Happy,sad,fear,sad,sad,happy,happy,happy,happy,happy,happy,S26_7yoF_Happy

Happy,sad,sad,happy,happy,happy,happy,fear,neutral,happy,happy,S32_6yoF_Happy

Happy,fear,neutral,happy,happy,happy,happy,happy,happy,happy,fear,S33_6yoF_Happy

Happy,happy,angry,happy,sad,happy,happy,happy,fear,happy,happy,S45_7yoF_Happy

Happy,sad,neutral,happy,neutral,fear,neutral,happy,fear,happy,happy,S52_9yoF_Happy

Happy,sad,happy,happy,happy,happy,happy,neutral,neutral,happy,fear,S55_10yoF_Happy

Happy,happy,sad,happy,happy,happy,happy,happy,angry,happy,happy,S57_9yoF_Happy

Happy,sad,sad,fear,happy,happy,happy,fear,happy,happy,happy,S61_8yoF_Happy

Happy,sad,sad,happy,happy,happy,happy,happy,sad,happy,happy,S62_10yoF_Happy

Happy,happy,angry,happy,sad,happy,happy,happy,happy,happy,happy,S64_10yoF_Happy

Happy,sad,happy,happy,happy,happy,happy,happy,happy,happy,happy,S65_8yoF_Happy

Happy,neutral,fear,happy,neutral,fear,happy,happy,neutral,happy,happy,S69_7yoF_Happy

Happy,fear,fear,happy,happy,happy,happy,happy,happy,happy,fear,S71_9yoF_Happy

Happy,fear,fear,happy,happy,happy,happy,happy,surprise,angry,fear,S74_8yoF_Happy

Happy,fear,neutral,happy,happy,fear,surprise,angry,angry,angry,fear,S77_10yoF_Happy

Happy,sad,sad,happy,sad,surprise,fear,happy,angry,fear,happy,S78_9yoF (no pubs or pres)_Happy

Happy,sad,sad,happy,happy,happy,fear,angry,happy,happy,happy,S88_12yoF_Happy

Happy,happy,sad,happy,happy,happy,happy,happy,neutral,fear,happy,S94_7yoF_Happy

Happy,sad,fear,happy,happy,surprise,happy,happy,fear,happy,fear,S96_12yoF_Happy

Happy,angry,neutral,happy,happy,happy,happy,angry,angry,happy,fear,S98_9yoF_Happy

Happy,fear,sad,happy,happy,happy,happy,happy,happy,happy,fear,S99_7yoF_Happy

Neutral,neutral,neutral,sad,neutral,neutral,angry,neutral,neutral,neutral,fear,S102_9yoF_Neutral

Neutral,sad,fear,sad,sad,sad,fear,fear,neutral,fear,neutral,S105_9yoF_Neutral

Neutral,sad,happy,sad,sad,neutral,sad,neutral,neutral,neutral,neutral,S109_14yoF_Neutral

Neutral,fear,sad,fear,fear,happy,sad,neutral,neutral,neutral,neutral,S110_13yoF_Neutral

Neutral,sad,sad,sad,sad,sad,sad,neutral,angry,happy,fear,S111_13yoF_Neutral

Neutral,sad,sad,neutral,neutral,neutral,neutral,neutral,neutral,sad,sad,S112_9yoF_Neutral

Neutral,sad,sad,sad,sad,fear,neutral,neutral,happy,neutral,neutral,S113_15oyF_Neutral

Neutral,neutral,happy,sad,sad,neutral,neutral,neutral,neutral,sad,fear,S114_9yoF_Neutral

Neutral,neutral,sad,sad,neutral,neutral,sad,sad,sad,sad,sad,S115_12yoF_Neutral

Neutral,sad,happy,happy,neutral,neutral,sad,S117_9yoF_Neutral

Neutral,sad,sad,neutral,neutral,neutral,sad,fear,neutral,sad,sad,S119_14yoF_Neutral

Neutral,sad,neutral,sad,neutral,surprise,neutral,neutral,neutral,neutral,fear,S120_9yoF_Neutral

Neutral,sad,sad,sad,sad,neutral,neutral,sad,fear,neutral,fear,S121_7yoF_Neutral

Neutral,sad,fear,neutral,sad,neutral,neutral,happy,neutral,happy,neutral,S122_16yoF_Neutral

Neutral,sad,fear,neutral,neutral,neutral,neutral,neutral,sad,fear,fear,S123_16yoF_Neutral

Neutral,sad,sad,sad,sad,fear,neutral,neutral,surprise,sad,fear,S13_11yoF_Neutral

Neutral,fear,fear,happy,sad,neutral,neutral,neutral,fear,sad,surprise,S16_11yoF_Neutral

Neutral,happy,fear,happy,neutral,neutral,neutral,neutral,sad,surprise,neutral,S22_9yoF_Neutral

Neutral,sad,surprise,sad,neutral,angry,sad,neutral,fear,neutral,fear,S25_13yoF_Neutral

Neutral,sad,fear,sad,sad,neutral,neutral,neutral,fear,fear,fear,S26_7yoF_Neutral

Neutral,sad,fear,sad,happy,neutral,neutral,fear,neutral,neutral,neutral,S32_6yoF_Neutral

Neutral,happy,fear,happy,happy,happy,neutral,neutral,neutral,happy,neutral,S33_6yoF_Neutral

Neutral,fear,neutral,sad,sad,neutral,neutral,neutral,neutral,neutral,angry,S45_7yoF_Neutral

Neutral,fear,fear,happy,happy,neutral,angry,angry,fear,angry,neutral,S52_9yoF_Neutral

Neutral,fear,sad,sad,happy,neutral,neutral,fear,happy,angry,sad,S55_10yoF_Neutral

Neutral,sad,sad,neutral,happy,neutral,fear,fear,happy,neutral,neutral,S57_9yoF_Neutral

Neutral,angry,fear,happy,happy,neutral,neutral,angry,angry,fear,sad,S61_8yoF_Neutral

Neutral,sad,fear,happy,happy,happy,fear,happy,happy,surprise,neutral,S62_10yoF_Neutral

Neutral,sad,sad,neutral,neutral,neutral,neutral,neutral,neutral,angry,neutral,S64_10yoF_Neutral

Neutral,sad,fear,happy,happy,fear,neutral,neutral,fear,fear,fear,S65_8yoF_Neutral

Neutral,fear,fear,happy,fear,neutral,neutral,angry,sad,fear,neutral,S69_7yoF_Neutral

Neutral,fear,sad,happy,angry,neutral,neutral,neutral,neutral,fear,fear,S71_9yoF_Neutral

Neutral,fear,fear,happy,happy,angry,angry,surprise,fear,neutral,neutral,S74_8yoF_Neutral

Neutral,fear,fear,sad,happy,neutral,neutral,angry,sad,happy,neutral,S77_10yoF_Neutral

Neutral,fear,neutral,happy,angry,neutral,neutral,neutral,neutral,fear,neutral,S78_9yoF (no pubs or pres)_Neutral

Neutral,sad,sad,sad,sad,neutral,neutral,fear,sad,sad,happy,S88_12yoF_Neutral

Neutral,sad,sad,neutral,neutral,neutral,neutral,neutral,angry,neutral,neutral,S94_7yoF_Neutral

Neutral,sad,fear,sad,happy,fear,neutral,neutral,neutral,fear,neutral,S96_12yoF_Neutral

Neutral,neutral,neutral,happy,surprise,fear,neutral,neutral,fear,happy,S98_9yoF_Neutral

Neutral,fear,happy,angry,happy,happy,angry,surprise,neutral,neutral,sad,S99_7yoF_Neutral

Happy,happy,neutral,happy,happy,fear,happy,neutral,neutral,happy,happy,S102_9yoF_Pleased

Happy,neutral,happy,happy,happy,happy,happy,neutral,happy,happy,happy,S105_9yoF_Pleased

Happy,happy,sad,neutral,happy,happy,happy,neutral,neutral,happy,angry,S109_14yoF_Pleased

Happy,angry,sad,neutral,angry,neutral,neutral,neutral,happy,neutral,neutral,S110_13yoF_Pleased

Happy,sad,sad,sad,neutral,happy,fear,happy,happy,happy,neutral,S111_13yoF_Pleased

Happy,sad,sad,sad,sad,happy,happy,neutral,neutral,happy,happy,S112_9yoF_Pleased

Happy,sad,sad,neutral,sad,neutral,happy,neutral,happy,happy,happy,S113_15oyF_Pleased

Happy,sad,sad,fear,happy,neutral,happy,neutral,happy,happy,happy,S114_9yoF_Pleased

Happy,sad,sad,happy,happy,happy,happy,happy,happy,happy,happy,S115_12yoF_Pleased

Happy,sad,fear,happy,happy,happy,happy,neutral,neutral,fear,surprise,S117_9yoF_Pleased

Happy,sad,sad,fear,happy,happy,happy,happy,happy,sad,happy,S119_14yoF_Pleased

Happy,neutral,sad,neutral,happy,happy,happy,neutral,neutral,happy,happy,S120_9yoF_Pleased

Happy,fear,fear,sad,happy,sad,happy,happy,neutral,happy,happy,S121_7yoF_Pleased

Happy,happy,happy,neutral,happy,happy,happy,happy,happy,happy,happy,S122_16yoF_Pleased

Happy,happy,neutral,happy,happy,neutral,fear,happy,happy,happy,happy,S123_16yoF_Pleased

Happy,sad,sad,sad,fear,happy,happy,happy,neutral,happy,happy,S13_11yoF_Pleased

Happy,sad,fear,fear,sad,happy,happy,neutral,sad,neutral,happy,S16_11yoF_Pleased

Happy,sad,fear,neutral,happy,surprise,surprise,neutral,neutral,happy,neutral,S22_9yoF_Pleased

Happy,neutral,sad,sad,neutral,neutral,happy,neutral,neutral,neutral,fear,S25_13yoF_Pleased

Happy,sad,sad,happy,sad,happy,happy,neutral,sad,happy,happy,S26_7yoF_Pleased

Happy,sad,fear,happy,happy,happy,happy,happy,happy,happy,happy,S32_6yoF_Pleased

Happy,happy,happy,happy,neutral,happy,happy,happy,happy,S33_6yoF_Pleased

Happy,happy,fear,happy,neutral,neutral,happy,fear,happy,happy,happy,S45_7yoF_Pleased

Happy,sad,neutral,happy,happy,neutral,fear,sad,neutral,neutral,fear,S52_9yoF_Pleased

Happy,sad,happy,happy,happy,happy,neutral,neutral,fear,happy,happy,S55_10yoF_Pleased

Happy,neutral,sad,happy,happy,happy,happy,happy,happy,happy,happy,S57_9yoF_Pleased

Happy,sad,neutral,fear,happy,happy,neutral,happy,neutral,happy,neutral,S61_8yoF_Pleased

Happy,happy,sad,happy,happy,happy,happy,happy,happy,happy,happy,S62_10yoF_Pleased

Happy,sad,neutral,happy,angry,happy,happy,happy,happy,happy,happy,S64_10yoF_Pleased

Happy,fear,neutral,happy,happy,fear,happy,happy,neutral,neutral,happy,S65_8yoF_Pleased

Happy,fear,fear,happy,happy,neutral,happy,happy,happy,happy,happy,S69_7yoF_Pleased

Happy,sad,neutral,happy,fear,happy,happy,happy,neutral,fear,happy,S71_9yoF_Pleased

Happy,fear,sad,happy,happy,happy,happy,happy,surprise,neutral,happy,S74_8yoF_Pleased

Happy,sad,sad,happy,happy,happy,happy,happy,happy,happy,happy,S77_10yoF_Pleased

Happy,sad,sad,fear,sad,happy,neutral,neutral,happy,happy,happy,S78_9yoF (no pubs or pres)_Pleased

Happy,sad,sad,happy,happy,happy,happy,happy,neutral,angry,happy,S88_12yoF_Pleased

Happy,sad,sad,happy,happy,surprise,happy,happy,happy,happy,happy,S94_7yoF_Pleased

Happy,sad,sad,happy,neutral,happy,happy,neutral,happy,happy,happy,S96_12yoF_Pleased

Happy,sad,sad,happy,happy,happy,happy,happy,happy,happy,happy,S98_9yoF_Pleased

Happy,sad,sad,happy,happy,happy,surprise,happy,fear,happy,happy,S99_7yoF_Pleased

Sad,sad,sad,neutral,neutral,neutral,angry,neutral,neutral,neutral,angry,S102_9yoF_Sad

Sad,fear,fear,sad,sad,neutral,neutral,neutral,neutral,neutral,sad,S105_9yoF_Sad

Sad,sad,sad,sad,sad,angry,sad,neutral,neutral,sad,sad,S109_14yoF_Sad

Sad,sad,sad,fear,sad,neutral,neutral,neutral,neutral,neutral,neutral,S110_13yoF_Sad

Sad,sad,sad,sad,sad,sad,neutral,neutral,neutral,happy,fear,S111_13yoF_Sad

Sad,neutral,sad,sad,neutral,neutral,neutral,neutral,surprise,fear,fear,S112_9yoF_Sad

Sad,sad,sad,sad,sad,sad,neutral,neutral,fear,neutral,neutral,S113_15oyF_Sad

Sad,sad,sad,sad,fear,neutral,sad,sad,sad,sad,sad,S114_9yoF_Sad

Sad,sad,sad,sad,neutral,sad,sad,fear,neutral,sad,sad,S115_12yoF_Sad

Sad,sad,sad,neutral,neutral,neutral,happy,neutral,neutral,neutral,neutral,S117_9yoF_Sad

Sad,sad,sad,sad,neutral,sad,fear,sad,sad,neutral,sad,S119_14yoF_Sad

Sad,sad,happy,sad,neutral,neutral,neutral,neutral,neutral,neutral,fear,S120_9yoF_Sad

Sad,sad,sad,sad,sad,fear,neutral,neutral,sad,fear,angry,S121_7yoF_Sad

Sad,sad,neutral,happy,neutral,fear,neutral,neutral,neutral,fear,fear,S122_16yoF_Sad

Sad,sad,neutral,neutral,sad,fear,sad,sad,sad,neutral,sad,S123_16yoF_Sad

Sad,sad,sad,sad,sad,fear,neutral,sad,neutral,sad,neutral,S13_11yoF_Sad

Sad,sad,fear,sad,happy,neutral,fear,neutral,fear,sad,sad,S16_11yoF_Sad

Sad,sad,fear,happy,sad,neutral,neutral,fear,neutral,fear,surprise,S22_9yoF_Sad

Sad,neutral,happy,sad,sad,angry,sad,neutral,sad,sad,sad,S25_13yoF_Sad

Sad,sad,fear,sad,sad,neutral,neutral,angry,neutral,fear,fear,S26_7yoF_Sad

Sad,sad,fear,happy,happy,sad,fear,neutral,happy,fear,fear,S32_6yoF_Sad

Sad,sad,fear,happy,happy,sad,neutral,happy,happy,fear,fear,S33_6yoF_Sad

Sad,sad,sad,happy,happy,fear,neutral,neutral,neutral,neutral,neutral,S45_7yoF_Sad

Sad,fear,fear,sad,happy,angry,angry,happy,fear,angry,fear,S52_9yoF_Sad

Sad,sad,sad,happy,happy,neutral,neutral,angry,fear,angry,fear,S55_10yoF_Sad

Sad,fear,fear,sad,neutral,neutral,neutral,neutral,sad,neutral,fear,S57_9yoF_Sad

Sad,angry,sad,happy,happy,sad,neutral,fear,angry,fear,sad,S61_8yoF_Sad

Sad,fear,neutral,happy,happy,fear,neutral,fear,fear,fear,sad,S62_10yoF_Sad

Sad,sad,sad,sad,sad,neutral,neutral,neutral,sad,sad,sad,S64_10yoF_Sad

Sad,sad,neutral,sad,happy,neutral,fear,neutral,neutral,fear,fear,S65_8yoF_Sad

Sad,sad,happy,happy,happy,happy,fear,fear,fear,fear,happy,S69_7yoF_Sad

Sad,fear,fear,happy,happy,sad,neutral,neutral,happy,fear,fear,S71_9yoF_Sad

Sad,fear,fear,happy,happy,neutral,neutral,sad,fear,fear,sad,S74_8yoF_Sad

Sad,sad,fear,happy,happy,fear,neutral,neutral,neutral,neutral,fear,S77_10yoF_Sad

Sad,sad,sad,happy,fear,neutral,neutral,neutral,neutral,neutral,fear,S78_9yoF (no pubs or pres)_Sad

Sad,fear,fear,neutral,happy,fear,neutral,neutral,neutral,angry,angry,S88_12yoF_Sad

Sad,fear,happy,fear,happy,fear,angry,fear,neutral,sad,fear,S94_7yoF_Sad

Sad,neutral,neutral,neutral,neutral,fear,neutral,fear,neutral,sad,sad,S96_12yoF_Sad

Sad,fear,sad,happy,sad,sad,fear,angry,fear,S98_9yoF_Sad

Sad,sad,fear,happy,happy,sad,sad,angry,neutral,neutral,fear,S99_7yoF_Sad

Surprise,surprise,neutral,sad,happy,neutral,surprise,fear,surprise,surprise,fear,S102_9yoF_Surprise

Surprise,fear,sad,happy,surprise,happy,fear,fear,fear,surprise,happy,S105_9yoF_Surprise

Surprise,sad,fear,fear,fear,fear,sad,neutral,neutral,surprise,fear,S109_14yoF_Surprise

Surprise,sad,sad,fear,fear,surprise,sad,neutral,surprise,neutral,happy,S110_13yoF_Surprise

Surprise,sad,happy,sad,neutral,neutral,happy,happy,sad,surprise,S111_13yoF_Surprise

Surprise,sad,sad,sad,neutral,surprise,surprise,surprise,surprise,surprise,surprise,S112_9yoF_Surprise

Surprise,fear,sad,neutral,sad,sad,fear,fear,surprise,sad,surprise,S113_15oyF_Surprise

Surprise,sad,sad,sad,neutral,sad,sad,surprise,surprise,neutral,neutral,S114_9yoF_Surprise

Surprise,neutral,fear,neutral,neutral,surprise,surprise,surprise,surprise,sad,fear,S115_12yoF_Surprise

Surprise,sad,fear,sad,neutral,neutral,happy,surprise,surprise,sad,sad,S117_9yoF_Surprise

Surprise,sad,fear,neutral,neutral,surprise,surprise,surprise,fear,fear,surprise,S119_14yoF_Surprise

Surprise,surprise,surprise,fear,sad,neutral,surprise,surprise,surprise,fear,fear,S120_9yoF_Surprise

Surprise,sad,sad,sad,sad,surprise,fear,surprise,surprise,surprise,fear,S121_7yoF_Surprise

Surprise,sad,surprise,sad,fear,surprise,surprise,surprise,surprise,surprise,surprise,S122_16yoF_Surprise

Surprise,sad,sad,neutral,neutral,surprise,surprise,surprise,surprise,sad,sad,S123_16yoF_Surprise

Surprise,sad,sad,sad,sad,neutral,neutral,surprise,neutral,surprise,surprise,S13_11yoF_Surprise

Surprise,sad,sad,fear,angry,fear,surprise,fear,happy,surprise,surprise,S16_11yoF_Surprise

Surprise,sad,fear,neutral,neutral,surprise,surprise,surprise,happy,happy,surprise,S22_9yoF_Surprise

Surprise,fear,happy,neutral,neutral,happy,neutral,surprise,happy,surprise,surprise,S25_13yoF_Surprise

Surprise,sad,fear,sad,angry,surprise,surprise,neutral,happy,neutral,fear,S26_7yoF_Surprise

Surprise,fear,fear,sad,sad,surprise,surprise,surprise,happy,sad,sad,S32_6yoF_Surprise

Surprise,sad,sad,neutral,surprise,fear,fear,S33_6yoF_Surprise

Surprise,happy,sad,sad,sad,fear,surprise,neutral,neutral,neutral,fear,S45_7yoF_Surprise

Surprise,fear,fear,happy,sad,surprise,surprise,surprise,happy,sad,surprise,S52_9yoF_Surprise

Surprise,fear,sad,happy,sad,surprise,surprise,neutral,happy,angry,happy,S55_10yoF_Surprise

Surprise,sad,sad,happy,happy,surprise,surprise,happy,happy,sad,fear,S57_9yoF_Surprise

Surprise,fear,fear,fear,fear,neutral,neutral,surprise,surprise,surprise,surprise,S61_8yoF_Surprise

Surprise,happy,surprise,happy,happy,sad,fear,surprise,fear,surprise,surprise,S62_10yoF_Surprise

Surprise,sad,sad,sad,sad,surprise,surprise,surprise,surprise,surprise,surprise,S64_10yoF_Surprise

Surprise,sad,sad,happy,happy,surprise,fear,surprise,sad,surprise,surprise,S65_8yoF_Surprise

Surprise,sad,sad,sad,sad,surprise,fear,neutral,sad,surprise,happy,S69_7yoF_Surprise

Surprise,neutral,sad,happy,happy,neutral,fear,surprise,fear,fear,surprise,S71_9yoF_Surprise

Surprise,fear,sad,sad,sad,surprise,surprise,surprise,happy,neutral,neutral,S74_8yoF_Surprise

Surprise,sad,fear,happy,sad,neutral,surprise,neutral,neutral,fear,surprise,S77_10yoF_Surprise

Surprise,fear,fear,sad,happy,surprise,fear,fear,sad,surprise,surprise,S78_9yoF (no pubs or pres)_Surprise

Surprise,fear,fear,neutral,neutral,surprise,neutral,surprise,fear,happy,fear,S88_12yoF_Surprise

Surprise,sad,sad,happy,happy,surprise,neutral,surprise,surprise,neutral,neutral,S94_7yoF_Surprise

Surprise,fear,fear,neutral,neutral,fear,surprise,fear,happy,fear,fear,S96_12yoF_Surprise

Surprise,sad,sad,sad,angry,surprise,happy,sad,surprise,happy,fear,S98_9yoF_Surprise

Surprise,fear,fear,happy,sad,fear,surprise,angry,fear,fear,happy,S99_7yoF_Surprise

